{
    "beforeEvent": {
        "Goods": 682.79772681819,
        "Trades": 229.6362824203765,
        "Others": 266.6956405420456,
        "HS1": 22.01831351894632,
        "HS2": 1361.1650268314772,
        "HS3": 477.9226933924841
    },
    "afterEvent": {
        "Goods": 655.6296931464772,
        "Trades": 189.9912945633748,
        "Others": 219.707349311758,
        "HS1": 14.179115868546676,
        "HS2": 1295.9704266089714,
        "HS3": 451.27498812577466
    },
    "%_change": {
        "Goods": -3.9789285471577,
        "Trades": -17.264252599433235,
        "Others": -17.61869490434349,
        "HS1": -35.603079425925024,
        "HS2": -4.789617639109197,
        "HS3": -5.575735497629025
    }
}
