{
    "beforeEvent": {
        "GOODS": 6744.107262446032,
        "TRADE": 8940.195471276762,
        "OTHER": 24146.601023840543
    },
    "afterEvent": {
        "GOODS": 6576.281483019235,
        "TRADE": 8497.027393728364,
        "OTHER": 23109.828670135295
    },
    "%_change": {
        "GOODS": -2.4884802820577976,
        "TRADE": -4.957028948329122,
        "OTHER": -4.293657532509925
    }
}
