{
    "beforeEvent": {
        "HH1": 12.952320937397154,
        "HH2": 153.4888168105349,
        "HH3": 453.0614455287585,
        "HH4": 438.8588316309746,
        "HH5": 125.02815192437409
    },
    "afterEvent": {
        "HH1": 12.967607126985673,
        "HH2": 151.3538398626882,
        "HH3": 441.618741220245,
        "HH4": 416.3975080647924,
        "HH5": 122.28832175177892
    },
    "%_change": {
        "HH1": 0.11801892234142436,
        "HH2": -1.3909657994706481,
        "HH3": -2.525640709762659,
        "HH4": -5.118120440394675,
        "HH5": -2.191370607679146
    }
}
